Locations,EFT Name,Remote Services Name,Insurance Limit Name,Address
(AMITY) S&S WHOLESALE & RETAIL SUPERMARKET,AMITY S & S WHOLESALE & RETAIL SUPERMARKET,AMITY S & S WHOLESALE & RETAIL SUPERMARKET,Amity SS Wholesale and Retail,"Amity Cross, Strathbogie"
1920 Investments Limited,0,0,0,#N/A
Advance Service Station,ADVANCE SERVICE STATION,ADVANCE SERVICE STATION,Advance Service Station,"992 Albion Boulevard, Yallahs, St Thomas "
Akana (Ocho Rios FSC),AKANA ENTERPRISES,AKANA ENTERPRISES,Akana ,"Shops 9&10, Brown's Plaza
40 Main Street
Ocho Rios"
Almer Farms Ltd,ALMER FARMS LIMITED,ALMER FARMS LIMITED,0,#N/A
ANDKAR FINANCE LIMITED - PHONEYARD NEW,ANDKAR FINANCE LTD. PORT HENDERSON,ANDKAR FINANCE LTD. PORT HENDERSON,Andkar Financial- Portmore,"Shop #14 Port Henderson Plaza,
Port Henderson
Portmore"
ANDKAR FINANCE LIMITED (GKMS MAYPEN),ANDKAR FINANCE LTD. MAY PEN,ANDKAR FINANCE LTD. MAY PEN,Andkar Financial - May Pen,"Shop #11 Bargain Village
37 Main Street 
 May Pen  "
ANNOTTO BAY FOUNDATION,0,0,0,#N/A
ANYMONEY SUPERMARKET,0,0,0,#N/A
ATC MONEY SERVICES,0,0,0,#N/A
AUTO TECH,0,0,0,#N/A
AUTO-PRO BODY REPAIR LIMITED,0,0,0,#N/A
B.G.s Incorporated,0,0,0,#N/A
BARNETTS EMPORIUM,BARNETTS EMPORIUM,BARNETTS EMPORIUM,BARNETTS EMPORIUM,"Main Road, 
Porus"
BEJON LIMITED,BEJON LIMITED,BEJON LIMITED,BEJON LIMITED,#N/A
BENSON'S PHARMACY LIMITED,0,0,0,#N/A
BENSON'S PHARMACY LIMITED BRUNSWICK,0,0,0,#N/A
BERRY-DON FINANCIAL SERVICES LTD,BERRYDON MONEY SERVICES - LINSTEAD,BERRYDON MONEY SERVICES - LINSTEAD,Berry Don Financial Services,"25A King Street 
Linstead"
BERRY-DON FINANCIAL SERVICES LTD - Samm's Mall,BERRY-DON MONEY SERVICES LIMITED - SAMMS MALL,BERRY-DON MONEY SERVICES LIMITED - SAMMS MALL,Berry Don Financial Services- Samms Mall,"21 King Street
Samantha's Mall
Linstead"
BLU MENTHAL  PRINCESS STREET,THE BLU MENTHAL PRINCESS STREET,THE BLU MENTHAL PRINCESS STREET,BLU Menthal Princess Street ,"115-119 Princess Street, Kingston "
BLU MENTHAL MANOR PARK,THE BLU MENTHAL COMPANY LTD. MANOR PARK,THE BLU MENTHAL COMPANY LTD. MANOR PARK,BLU MENTHAL MANOR PARK,"Shop 19, Lower Manor Park Plaza, Constant Spring Road Kingston 8"
BLU MENTHAL SHORTWOOD ROAD,THE BLU MENTHAL COMPANY LTD. SHORTWOOD RD.,THE BLU MENTHAL COMPANY LTD. SHORTWOOD RD.,BLU MENTHAL SHORTWOOD,"10 Shortwood Road
Kingston 8"
BLUE OCEAN HARDWARE (GREENISLAND) ,0,0,0,#N/A
BOULEVARD FINANCIAL CENTRE,STAPHARM SERVICES LTD. BOULEVARD,STAPHARM SERVICES LTD. BOULEVARD,BOULEVARD FINANCIAL CENTRE -Stapharm,"Boulevard Super Centre, 
Shop #7, 45 Elma Crescent 
Kingston 20"
BREEWOOD EMPOWERMENT & TECHNICAL SERVICES,0,0,0,#N/A
BURKES AGENCYS LIMITED,BURKE'S AGENCIES LTD.,BURKE'S AGENCIES LTD.,BURKES AGENCYS LIMITED ,"Shop 36-38 Manchester Shoping Centre
18A  Caledonia Road"
,#N/A,#N/A,#N/A,#N/A
CONSUMERS SUPERMARKET,0,0,0,#N/A
CONTINENTAL ENTERPRISES LIMITED ,CONTINENTAL ENTERPRISES LTD. NORTH PARADE,CONTINENTAL ENTERPRISES LTD. NORTH PARADE,Continental Enterprise Limited ,"20 North Parade, Kingston "
CONTINENTAL ENTERPRISES LIMITED - LIGUANEA,CONTINENTAL ENTERPRISES LTD. LIGUANEA,CONTINENTAL ENTERPRISES LTD. LIGUANEA,0,#N/A
COS Penny Variety Store,COS PENNY VARIETY STORE,COS PENNY VARIETY STORE,Cos Penny Variety Store ,"Shop 2, Commercial Plaza, Ocho Rios, White River , Exchange "
COST CLUB LIMITED (MANDEVILLE),0,0,0,#N/A
COST CLUB LIMITED (MEGA MART MONTEGO BAY),0,0,0,#N/A
Cross Roads FSC,DANNICO ENTERPRISES LTD. CROSS RD.,DANNICO ENTERPRISES LTD. CROSS RD.,Cross Roads FSC - Dannico,"13 Old Hope Road
Kingston 5"
DANNICO ENTERPRISES LIMITED - JPS EAST PARADE,0,0,0,#N/A
DAVILLE SERVICES,DAVILLE SERVICES-TOTAL SERVICE STATION,DAVILLE SERVICES-TOTAL SERVICE STATION,"Daville's Services-Total Service Station, Spauldings ","Total Service Station,
Main Street, Spaulding, Clarendon."
DAVILLE SERVICES - SAVANNA-LA-MAR,DAVILLE SERVICES - SAVANNA-LA-MAR,DAVILLE SERVICES - SAVANNA-LA-MAR,"Daville's Services, Sav-La-Mar","Shop 4 Savannah Plaza, Commercial Centre, 118 Great George Street "
DAVILLE SERVICES - SPAULDINGS,DAVILLE SERVICES - SPAULDINGS,DAVILLE SERVICES - SPAULDINGS,Daville Spaulding ,"Total Service Station
Main Street,
Spalding"
DC Party Rentals,DC PARTY RENTALS,DC PARTY RENTALS,0,#N/A
DIXON'S DRUG STORE,DIXON'S DRUG STORE -43 KING ST.,DIXON'S DRUG STORE -43 KING ST.,Dixon's Drug Store,#N/A
DIXON'S DRUG STORE - KING STREET #2,DIXON'S DRUG STORE -74 KING ST.,DIXON'S DRUG STORE -74 KING ST.,0,#N/A
DL FINANCIAL SERVICES LIMITED - East Wood Park ,DL FINANCIAL SERVICES LTD. EASTWOOD PARK RD,DL FINANCIAL SERVICES LTD. EASTWOOD PARK RD,DL-Pavilion Eastwood Park,"Shop 20, 7 Eastwood Park Road, Kingston 10"
DL FINANCIAL SERVICES LIMITED - PAVILLON,DL FINANCIAL SERVICES LTD. PAVILION,DL FINANCIAL SERVICES LTD. PAVILION,"DL FINANCIAL SERVICES LTD,.-Formerly Pavillion","Shop #30, Pavilion Mall, 13 Constant Spring Road, Kingston 10, "
DL FINANCIAL SERVICES LIMITED - RED HILLS ROAD,R DUNN'S FINANCIAL SERVICES LIMITED,R DUNN'S FINANCIAL SERVICES LIMITED,DL Financial- Red Hills Road ,"Shop #11, Red Hills Mall, 105-105A Red Hills Road, Kingston 20"
DL FINANCIAL SERVICES LIMITED - SANTA CRUZ ( AJM00,DL FINANCIAL SERVICES LTD. SANTA CRUZ,DL FINANCIAL SERVICES LTD. SANTA CRUZ,DL Santa Cruz (formerly GKMS Santa Cruz),"81 Main Street, Santa Cruz"
DL Financials Falmouth ,DL FINANCIAL SERVICES LTD. FALMOUTH,DL FINANCIAL SERVICES LTD. FALMOUTH,"DL FINANCIAL SERVICES LTD, Falmouth","Shop #12, New Falmouth Shopping Centre, Main Street, Falmouth"
DMD EATS & TREATS LIMITED ( AJM003787 ),DMD EATS & TREATS LTD.,DMD EATS & TREATS LTD.,0,#N/A
DOUBLE M INVESTMENTS LIMITED,DOUBLE M INVESTMENTS LTD.,DOUBLE M INVESTMENTS LTD.,Double M Investments ,"96-98 Barnet St, Montego Bay, St James "
DULINI INVESTMENTS - BARNETTT STREET NEW,DULINI INVESTMENTS,DULINI INVESTMENTS ,Duluni Investments ,"24-27 Barnett Street,
 Montego Bay"
DWB SERVICES LIMITED,DWB SERVICES LIMITED,DWB SERVICES LIMITED,DWB SERVICES LIMITED,"Shop #4 Copeland & Sons Plaza, 13 West Street, Old Harbour"
FAMILY CARE PHARMACY,FAMILY CARE PHARMACY,FAMILY CARE PHARMACY,FAMILY CARE PHARMACY ,"Mid Town Mall, Shop #1
Main Street, Lucea"
FTC TRADING SERVICES,FTC TRADING SERVICES,FTC TRADING SERVICES,FTC TRADING,"Kelly's Supergrove 
26 Giltress Street, Rollington Town
Kingston 2"
FUTURE OPTIONS,FUTURE OPTIONS,FUTURE OPTIONS,Future Option ,"Washie's Plaza, Shop #7
363 Willowdene Parkway
Spanish Town"
FYAH SIDE JERK,0,0,Fyah Side Jerk,"Race Course, Toll Gate"
G AND N SUPERMARKET,0,0,0,#N/A
GATEWAY FARM STORE,0,0,0,#N/A
GKMS EAST PARADE,GKMS EAST PARADE,GKMS EAST PARADE,GKMS East Parade (JPS East Parade),"7-9 East Parade, Kingston"
GKMS HI-LO NEGRIL,GKMS KINGS PLAZA NEGRIL,GKMS KINGS PLAZA NEGRIL,GKMS Hi Lo Negril,"Shop #8, King's Plaza
West End Road
Negril"
GKMS LUCEA,GKMS LUCEA - HANOVER,GKMS LUCEA - HANOVER,GKMS Lucea,"Shop # 9 Lot 340 Mosely Drive, Lucea, Hanover "
GKMS MANCHESTER SHOPPING CENTRE,GKMS MANCHESTER SHOPPING CENTRE,GKMS MANCHESTER SHOPPINGN CENTRE,GKMS Manchester Shopping Center,#N/A
GKMS UWI,GKMS UWI,GKMS UWI,GKMS UWI,#N/A
GOLD LAKE FINANCIAL SERVICES LIMITED - OCHO RIOS (H&L),0,0,0,#N/A
GOODMAN ENTERPRISE MAYPEN (PARKVIEW MAY PEN ) ( AJ,GKMS MAY PEN,GKMS MAY PEN,GSD May Pen,"55A Manchester Ave
May Pen"
GOODMAN ENTERPRISE PAPINE (PARKVIEW SUPERMARKET PA,GKMS PARKVIEW PAPINE(AJD004997) frm (AJM000618),GKMS PARKVIEW PAPINE(AJD004997) frm (AJM000618),GKMS Goodman Parkview ,"7 Chandos Place, Kingston 6"
GSD PHARMACY,GSD PHARMACY LTD. MAY PEN,GSD PHARMACY LTD.  MAY PEN,0,#N/A
GSD PHARMACY - LIONEL TOWN,GSD PHARMACY LTD. LIONEL TOWN,GSD PHARMACY LTD. LIONEL TOWN,GSD Lionel Town,"Shop #8, Parkway Plaza, Lionel Town, Clarendon"
GSD PHARMACY - LYNDHURST ROAD ( AJM003776 ),GSD PHARMACY LTD. LYNDHURST RD.,GSD PHARMACY LTD. LYNDHURST RD.,GSD Lyndhurst Road,"Shop #20 Lyndhurst Plaza, 56 Lyndhurst Road, Kingston 5"
HARBOUR VIEW FOOTBALL CLUB,HARBOUR VIEW FOOTBALL CLUB,HARBOUR VIEW FOOTBALL CLUB,HARBOUR VIEW FOOTBALL CLUB ,"Cnr. of Fort Nugent Drive
& Harbour Drive,
Kingston 17"
HAYS ENTERPRISE,HAYS ENTERPRISE,HAYS ENTERPRISE,HAYES ENTERPRISE,"Main Street,Guy's Hill "
HI LO LIGUANEA (NEW),HI LO LIGUANEA,HI LO LIGUANEA,Hi Lo Liguanea,#N/A
HI LO MONTEGO BAY (HI LO FAIRVIEW),HI LO MONTEGO BAY,HI LO MONTEGO BAY,Hi-Lo Bogue,#N/A
HILDA MAUD HABERDASHERY,HILDA MAUD HABERDASHERY,HILDA MAUD HABERDASHERY,Hilda Maud,"Shop 1, Hilda Maud Plaza,
Main Street, Yallahs"
HILLCREST HARDWARE & SUPPLIES LIMITED,HILLCREST HARDWARE & SUPPLIES LTD.,HILLCREST HARDWARE & SUPPLIES LTD.,HILLCREST ,"Shop #3, A & B Plaza   Main Street                                                        Balaclava"
HOLLISON FINANCIAL SERVICE,SUPERLUBE LTD. LOJ SHOPPING CENTRE,SUPERLUBE LTD. LOJ SHOPPING CENTRE,HOLLISON FINANCIAL SERVICE (Superlube),"LOJ Shopping Centre (upstairs)
Spanish Town"
Hometown FSC,EVERY INVESTMENT LIMITED - HOMETOWN,EVERY INVESTMENT LIMITED - HOMETOWN,Hometown FSC (Every Investment Limited)-,"19-21 Church Street, Montego Bay-"
Hometown Overton,0,0,0,#N/A
HOPEWELL LIQUORS,HOPEWELL LIQUORS,HOPEWELL LIQUORS,HOPEWELL LIQUORS,"Hopewell Mall
Shop # 3
Main Street, Hopewell"
Inter-Dec Ltd,INTER-DEC LIMITED,INTER-DEC LIMITED,Inter Dec Limited,"42 Half Way Tree, Kingston 5"
Islandwide Capital Ventures Limited,0,0,0,#N/A
JAMPET SERVICE STATION,SUPERLUBE LTD. JAMPET SERVICE STATION,SUPERLUBE LTD. JAMPET SERVICE STATION,JAMPET SERVICE STATION (JAMPET)( Super Lube),"48-50 Brunswick Avenue, Spanish Town, St Catherine"
J-Dan Enterprise,J-DAN ENTERPRISE,J-DAN ENTERPRISE,0,#N/A
JJ's Depot Hardware and Farm,JJ'S DEPOT HARDWARE & FARM SUPPLIES CO LTD (AJM004,JJ'S DEPOT HARDWARE & FARM SUPPLIES CO LTD (AJM004,0,#N/A
JOONG SUPERMARKET & WHOLESALE (MORANT BAY),JOONG SUPERMARKET & WHOLESALE - MORANT BAY,JOONG SUPERMARKET & WHOLESALE (MORANT BAY),0,#N/A
JOONG SUPERMARKET AND WHOLESALE (PORTMORE),JOONG SUPERMARKET & WHOLESALE - PORTMORE,JOONG SUPERMARKET AND WHOLESALE (PORTMORE),0,#N/A
JUNCTION PHARMACY,JUNCTION PHARMACY,JUNCTION PHARMACY,JUNCTION PHARMACY ,"Main Street, Junction"
K&C SUPERETTE,K&C SUPERETTE,K&C SUPERETTE,0,#N/A
K&D FONES,K&D FONES,K&D FONES,K&D FONES,"14B Cedar Crest Plaza
Gregory Park`"
 K&M Meats ,K&M MEATS & GROCERIES LTD,K&M MEATS & GROCERIES LTD,K&M MEATS & GROCERIES LTD,#N/A
KING GROOMING,KING GROOMING BOUTIQUE,KING GROOMING BOUTIQUE,King Grooming Boutique,"Shop 12D, Midway Mall Mandeville, Manchester"
KING GROOMING (Grove Court),KING GROOMING BOUTIQUE - GROVE COURT ( AJM005602 ),0,0,#N/A
KING STREET FSC,DANNICO ENTERPRISES LTD. KING STREET,DANNICO ENTERPRISES LTD. KING STREET,KING STREET FSC (Dannico),"Woolworth
83 King Street 
Kingston "
KMAR BOOKS & CYBERFLEX (INTERBUZZ ),0,0,Kmar Books and CyberFlex,"The Village Hut, Main Street, Anchovy St James "
KNIGHTSVILLE MEDICAL CENTRE,KNIGHTSVILLE MEDICAL CENTRE,KNIGHTSVILLE MEDICAL CENTRE,0,#N/A
Kongs Store,NEW ARIZON- PORT MARIA,NEW ARIZON- PORT MARIA,New Arizon -Port Maria formerly -Kongs Store ,"5 Stenneth Street, Port Maria"
KRIS AUTO SUPPLIES & WHEEL ALIGNMENT CO.LTD,KRIS AUTO SUPPLIES & WHEEL ALIGNMENT CO.LTD,KRIS AUTO SUPPLIES & WHEEL ALIGNMENT CO.LTD,Kris Auto ,"Shop 3 Seljan's Plaza, Main Street Junction "
KS PHARMACY,DREWDETMARC & ASSOCIATES,DREWDETMARC & ASSOCIATES,Drewdetmarc & Associates formerly-K'S PHARMACY,"Shop 17 Duhaney Park Plaza, 
Kingston 20"
Lawerence Tavern Pharmacy,LAWRENCE TAVERN PHARMACY,LAWRENCE TAVERN PHARMACY,LAWRENCE TAVERN PHARMACY,"Shop # 4 Lawrence Tavern Square
Lawrence Tavern"
LINCARS INVESTMENTS,LINCARS INVESTMENTS,LINCARS INVESTMENTS,Lincars,"97 Main Street, Santa Cruz"
MACKVILLE CAR RENTALS,MACKVILLE CAR RENTALS LIMITED,MACKVILLE CAR RENTALS LIMITED,0,#N/A
MACKVILLE TERRACE ESSO,MACKVILLE TERRACE ESSO,MACKVILLE TERRACE ESSO,Mackville Service Station,"29 Mackville Terrace, Kingston 19, St Andrew"
MADHU-MOHAN LIMITED ,MADHU-MOHAN LIMITED,MADHU-MOHAN LIMITED,0,#N/A
MANDEVILLE FSC,MANDEVILLE FSC,0,Mandeville FSC-TM & T Assoc,#N/A
MARVILLE PHARMACY,STAPHARM SERVICES LTD. MORANT BAY,STAPHARM SERVICES LTD. MORANT BAY,MARVILLE PHARMACY- Stapharm Morant Bay,"10-11A Wharf Road, Morant Bay"
MAXPAY ENTERPRISE,MAXPAY ENTERPRISE,MAXPAY ENTERPRISE,Maxpay Enterprise,"Shop 5, Consumer Meat Plus
99 Barnett Street
Montego Bay"
MCDONALDS HARDWARE,0,0,0,#N/A
MEDIMART LIMITED,MEDIMART LTD. MARKET STREET,MEDIMART LTD. MARKET STREET,MEDIMART LIMITED -MKT St,"1 Market Street , Montego Bay"
MEDIMART LIMITED - CITY CENTRE BUILDING,MEDIMART LTD. - CITY CENTRE BUILDING - AJM003303,MEDIMART LTD. - CITY CENTRE BUILDING - AJM003303,Medimart Pharmacy - St James ,"1 St James Street Shop#56 
City Centre Plaza Montego Bay"
MEDIMART LIMITED - WHITTER VILLAGE (GRS FINANCIAL),MEDI MART LTD. WHITTER VILLAGE,MEDI MART LTD.  WHITTER VILLAGE,MEDIMART WHITTER VILLAGE,"Shop CG12, Whitter Village, Morgan Road, Ironshore"
MI NEXX COMPLEX ( AJM005042 ),MI NEXX COMPLEX,0,0,#N/A
MK Quantum ,0,0,MK Quantum Services,"Main Street, Frankfield, Clarendon"
M-Twentyfour Investments,M-TWENTYFOUR INVESTMENTS,M-TWENTYFOUR INVESTMENTS,M-TwentyFour Investments ,"Unit 13 The Annex, Fairview, Montego Bay St James "
M-TWENTYFOUR INVESTMENTS LIMITED- BARNETT STREET,M-TWENTYFOUR INVESTMENTS LIMITED- BARNETT STREET,M24 Barnett Street,0,#N/A
NAIN SHOP N SAVE,NAIN SHOP N SAVE,NAIN SHOP N SAVE,0,#N/A
NEW ARIZON HIGHGATE,NEW ARIZON HIGHGATE,NEW ARIZON HIGHGATE,NEW ARIZON HIGHGATE ,"Shop # 3, 
Advanced Service Station
Main Street, Highgate"
NEW ARIZON ORCABESSA,NEW ARIZON ORCABESSA,NEW ARIZON ORCABESSA,New Arizon Oracabessa ,"Shop #7 Edwards Shopping Centre, Main Street, Oracabessa"
NEWDALE PHARMACY,NEWDALE PHARMACY,NEWDALE PHARMACY,0,#N/A
P&C MACWELL C0. LTD. (SUPER PLUS WHOLESALE BLACK RIVER),P & C MACWELL CO. LTD BLACK RIVER - AJM001697,P & C MACWELL CO. LTD BLACK RIVER - AJM001697,P&C MACWELL BLACK RIVER,"Mac's Food
24 High Street,
Black River"
P&C MACWELL CO. LTD. (SUPER PLUS SANTA CRUZ),P & C MACWELL CO. LTD SANTA CRUZ,P & C MACWELL CO. LTD SANTA CRUZ,P&C MACWELL- Santa Cruz,"Shop 26 Beadle Plaza, 
Main Street, 
Santa Cruz, St Elizabeth "
PANORAMIC TRADERS (CLOCK TOWER),PANORAMIC TRADERS LTD. CLOCK TOWER,PANORAMIC TRADERS LTD. CLOCK TOWER,0,#N/A
PANORAMIC TRADERS LTD - BROOKLYN SUPERMARKET - NEW,PANORAMIC TRADERS LTD. BROOKLYN SUPERMARKET,PANORAMIC TRADERS LTD. BROOKLYN SUPERMARKET,Panoramic Traders Brooklyn,"Brooklyn Supermarket
11 Hope Road 
Kingston 10"
PANORAMIC TRADERS LTD (OLD HOPE ROAD),PANORAMIC TRADERS LTD. OLD HOPE RD.,PANORAMIC TRADERS LTD. OLD HOPE RD.,0,#N/A
PAPER GOLD LIMITED - BARBICAN,PAPER GOLD LTD. ORCHID VILLAGE,PAPER GOLD LTD. ORCHID VILLAGE,Paper Gold - Barbican/Liguanea,"Shop 1A Orchid Village Plaza
20 Barbican Road
Kingston 6"
PAPER GOLD LIMITED - CROSS ROADS,PAPER GOLD LTD. CROSS ROADS,PAPER GOLD LTD. CROSS ROADS,Paper Gold - Cross Roads,"Shop 14, State Mall
15-17 Half Way Tree Road
Kingston"
PAPER GOLD LIMITED - MAY PEN,PAPER GOLD LTD. MAY PEN,PAPER GOLD LTD. MAY PEN,Paper Gold-May Pen,"21 Sevens Road, May Pen, Clarendon"
PAPER GOLD LIMITED - OLD HARBOUR,PAPER GOLD LTD. OLD HARBOUR,PAPER GOLD LTD. OLD HARBOUR,Paper Gold - Old Harbour,"Shop 6 Juici Beef Plaza, 30 East Street, Old Harbour"
PAPER GOLD LIMITED - PORTMORE,PAPER GOLD LTD. PORTMORE PINES,PAPER GOLD LTD. PORTMORE PINES,Paper Gold - Portmore,"Shop 18
'Portmore Pines Plaza, Portmore"
PEAT'S SELF SERVE LIMITED,PEAT'S SELF SERVE LTD.,PEAT'S SELF SERVE LTD.,Peat Self Serve-Buff Bay Portland,"3 Nelson Street
Buff Bay
Portland"
PEAT'S SELF SERVE LIMITED - Hope Bay,PEAT'S SELF SERVE LIMITED-HOPE BAY,PEAT'S SELF SERVE LIMITED-HOPE BAY,Peat's Self-Serve Limited- Hope Bay ,"Main Street, Four Paths, Clarendon "
PETERCLIFF ENTERPRISE,0,0,0,#N/A
Petromac Service Station,0,0,0,#N/A
PHONECARD EXPRESS,PHONECARD EXPRESS CHRISTIANA,PHONECARD EXPRESS CHRISTIANA,PHONECARD EXPRESS CHRISTIANA,"Main Street, Christiana"
PM CONSTRUCTION & DESIGN LTD,0,0,0,#N/A
PORTMORE FSC,PORTMORE MALL PHARMACY LTD.,PORTMORE MALL PHARMACY LTD.,PORTMORE FSC ,"Shop 1D Portmore Mall, Shopping Center, St Catherine"
PRINCE FINANCIALS SERVICES LIMITED,PRINCE FINANCIAL SERVICES LTD.,PRINCE FINANCIAL SERVICES LTD.,Prince Financials ,"Shop 40-42 Hagley Park Road, Kingston 10"
Professional Telecom Limited,0,0,0,#N/A
QUALITY ACCESSORIES & PHONES LIMITED,QUALITY ACCESSORIES & PHONES LTD.,QUALITY ACCESSORIES & PHONES LTD.,Quality Accessories ,"Shop #12 Juicy Plaza, 3 Manchester Road, Mandeville, Manchester"
QUICK PRINT STATIONERY & COMPUTER SERVICE,0,0,0,#N/A
RIVERSIDE BROADWALK,RIVERSIDE PHARMACY LTD. BOARDWALK,RIVERSIDE PHARMACY LIMITED BOARDWALK,Riverside Pharmacy ,"Shop 12& 13, The Broadwalk Shopping center, Norman Manley Blv, Negril "
RIVERSIDE GIFT CENTRE LTD #2,RIVERSIDE PHARMACY LTD. WEST END NEGRIL,RIVERSIDE PHARMACY LTD. WEST END NEGRIL,RIVERSIDE GIFT SHOP,"Shop 1 Negril Shopping Centre
West End
Negril"
Rose Gold Mart,0,0,0,#N/A
ROUNDLIGHT CONSTRUCTION & CONSULTING SERVICES LIMI ,ROUNDLIGHT CONSTRUCTION & CON SRV LTD. - ALEXANDRI,ROUNDLIGHT CONSTRUCTION & CON SRV LTD. - ALEXANDRI,Roundlight Construction- Alexandria ,"Main Street, Alexandria"
ROUNDLIGHT CONSTRUCTION & CONSULTING SERVICES LIMI - Salem,ROUNDLIGHT CONSTRUCTION & CON SRV LTD. - SALEM (,ROUNDLIGHT CONSTRUCTION & CON SRV LTD. - SALEM  ( ,Roundlight Salem,"Gordon's Plaza, Main Street
Salem, Runaway Bay"
ROUNDLIGHT CONSTRUCTION & CONSULTING SERVICES LIMI-Gayle,ROUNDLIGHT CONSTRUCTION & CON SRV LTD. - GAYLE (,ROUNDLIGHT CONSTRUCTION & CON SRV LTD. - GAYLE  ( ,Roundlight Construction- Gayle ," Shop #2 Hamilton’s Plaza, 
Main Street, Gayle St. Mary"
RUBICON INVESTMENTS LIMITED - BROWN'S TOWN ( AJM00,RUBICON INVESTMENTS LTD. BROWN'S TOWN,RUBICON INVESTMENTS LTD. BROWN'S TOWN,Rubicon Brown's Town,"20 Main Street
Brown's Town"
RUBICON INVESTMENTS LIMITED - CHRISTIANA ( AJM0035,RUBICON INVESTMENTS LTD. CHRISTIANA,RUBICON INVESTMENTS LTD. CHRISTIANA,Rubicon Christiana,"Shop 1, Mid Town Super Center
Main Street Christiana"
RUBICON INVESTMENTS LIMITED - MANCHESTER ROAD ( AJ,RUBICON INVESTMENTS LTD. MANCHESTER RD.,RUBICON INVESTMENTS LTD. MANCHESTER RD.,Rubicon Manchester,"Super Plus Food Stores, 4 Manchester Road, Mandeville,"
RUBICON INVESTMENTS LIMITED - PARK CRESCENT ( AJM0,RUBICON INVESTMENTS LTD. PARK CRESCENT,RUBICON INVESTMENTS LTD. PARK CRESCENT,Rubicon Park Crescent,"Super Plus Food Stores, 2 Park Crescent, Mandeville"
RUBICON INVESTMENTS LIMITED - SPAULDING ( AJM00358,RUBICON INVESTMENTS LTD. SPAULDING,RUBICON INVESTMENTS LTD. SPAULDING,Rubicon spaulding,"Shop 22 Wiltshires Complex, Main Street, Spalding, "
Runaway Bay Comm. Centre (Moneague),RUNAWAY BAY COMM. CTR. MONEAGUE,RUNAWAY BAY COMM. CTR. MONEAGUE,RUNAWAY BAY MONEAGUE,"Coombs Plaza, Shop # 4, Moneague, St. Ann"
RUNAWAY BAY COMM. CTR. - ST. ANNS BAY,RUNAWAY BAY COMM. CTR. ST. ANN'S BAY,RUNAWAY BAY COMM. CTR. ST. ANN'S BAY,RUNAWAY BAY ST ANNS BAY,"Shop 1, 5 Main Street St Ann's Bay"
RUNAWAY BAY COMMUNICATION CENTRE,RUNAWAY BAY COMM. CTR. RUNAWAY BAY,RUNAWAY BAY COMM. CTR. RUNAWAY BAY,RUNAWAY BAY COMMUNICATION CENTRE- Runaway bay,"Shop #2, Runaway Bay Commercial Centre, Main Street  Runaway Bay"
RUNAWAY BAY COMMUNICATION CENTRE- BROWN'S TOWN,RUNAWAY BAY COMM.CTR. BROWN'S TOWN,RUNAWAY BAY COMM.CTR. BROWN'S TOWN,Runnaway Bay Communication Center- Browns Town,"Shop 310  B&H Mini Mall, Main Street, Browns Town"
RUNAWAY COMMUNICATION CENTRE (PSSL),RUNAWAY BAY COMM.CTR. DISCOVERY BAY,RUNAWAY BAY COMM.CTR. DISCOVERY BAY,RUNAWAY BAY DISCOVERY BAY,"Main Street, Discovery Bay"
RYAN'S TOTAL GAS STATION,RYAN'S TOTAL GAS STATION,RYAN'S TOTAL GAS STATION,Ryan's Total ,"2 Stockfar Road, Golden Spring Square, Stony Hill, St Andrew"
Sagetics,0,0,0,#N/A
SAMCHEN FASHION ,SAMCHEN FASHION,SAMCHEN FASHION,GKMS Goodman May Pen,"26 Main Street, May Pen, Clarendon "
Samfoo Meats,SAM FO MEATS LIMITED ( AJM005163 ),SAM FO MEATS LIMITED ( AJM005163 ),GKMS Samfoo Wholesale & Foods,#N/A
SEAPORT FINANCIAL SERVICES,HI POINT INVESTMENTS LTD.,HI POINT INVESTMENTS LTD.,Sea-Port Financial Services- Johnson's Petroleum,"Johnson's Petroleum
Rock Hall"
Shazz Mart,0,0,0,#N/A
SO-MO COMPANY LIMITED CROFTS HILL,SO-MO COMPANY LTD CROFTS HILL,SO-MO COMPANY LTD CROFTS HILL,SOMO COMPANY Crofts Hill,"San San, Crofts Hill"
SO-MO Company Ltd-Kellitis,SO-MO COMPANY LTD. KELLITS,SO-MO COMPANY LTD. KELLITS,SOMO COMPANY KELLITS,"Main Street, Kellits"
SOUTH COAST RENTAL,SOUTH COAST RENTAL COMPANY LTD.,SOUTH COAST RENTAL COMPANY LTD.,SOUTH COAST RENTAL ,"17 High Street, Black River"
SOUTHCO LIMITED,SOUTHCO LIMITED,SOUTHCO LIMITED,0,#N/A
ST. BESS INVESTMENT LTD (SANTA CRUZ) ( AJM003819,ST. BESS INVESTMENTS LTD. SANTA CRUZ,ST. BESS INVESTMENTS LTD. SANTA CRUZ,0,#N/A
ST. BESS INVESTMENTS LIMITED - FOUR PATHS ( AJM003,ST. BESS INVESTMENTS LTD. FOUR PATHS,ST. BESS INVESTMENTS LTD. FOUR PATHS,0,#N/A
ST. BESS INVESTMENTS LTD. (SUPER PLUS GRANGE HILL),0,0,0,#N/A
ST. BESS INVESTMENTS LTD. (SUPER PLUS KINGSLAND),0,0,0,#N/A
STAPHARM SERVICES - BARBADOS AVENUE,STAPHARM SERVICES LTD. BARBADOS AVE,STAPHARM SERVICES LTD. BARBADOS AVE,Stapharm Services Ltd. Barbados Ave,"19-23 Barbados Avenue, Kingston 5"
SUPERLUBE LIMITED - SAVANNA-LA-MAR,0,0,0,#N/A
SUPERLUBE ST JAGO PLAZA,SUPERLUBE LTD. ST. JAGO SHOPPING CTR.,SUPERLUBE LTD. ST. JAGO SHOPPING CTR.,SUPERLUBE ST JAGO PLAZA ,"Shop 37 & 38 St. Jago Shopping Centre, Burk Road,
Spanish Town"
TAN TAN VARIETY STORE,TAN TAN VARIETY STORE,0,0,#N/A
Thaivanni Enterprise,THAIVANNI ENTERPRISE,THAIVANNI ENTERPRISE,0,#N/A
THE DUNBAR MALL LIMITED - George's mall,THE DUNBAR MALL LTD. GREAT GEORGE ST.,THE DUNBAR MALL LTD. GREAT GEORGE ST.,The Dunbar Mall#2- Georges Mall ,"Shop #12, George's Mall
97 Great George Street
Savannah-La-Mar"
THE DUNBAR MALL LIMITED #1,THE DUNBAR MALL LTD. CHANTILLY,THE DUNBAR MALL LTD. CHANTILLY,THE DUNBAR MALL#1- Chantilly Road ,"Shop 13 Dunbar Mall, Chantilly Road, Dunbars River, 
Savanna-La-Mar, "
THE DUNBAR MALL LIMITED #2,0,0,The Dunbar Mall#2- Georges Mall ,"Shop #12, George's Mall
97 Great George Street
Savannah-La-Mar"
The Service Pharm,THE SERVICE PHARM,THE SERVICE PHARM,THE SERVICE PHARM,#N/A
THELMARS PHARMACY,THELMAR'S PHARMACY PASSAGE FORT DR.,THELMAR'S PHARMACY PASSAGE FORT DR.,THELMARS PHARMACY- Passagefort Drive,"35A Passage Fort Drive, Portmore"
Thelmars Pharmacy #2,THELMAR'S PHARMACY PORTMORE TOWN CTR.,THELMAR'S PHARMACY PORTMORE TOWN CTR.,THELMARS #2-Portmore Town Center,#N/A
TRANXCAPE FARMS LIMITED,TRANXCAPE FARMS LTD. GOLDEN GROVE,TRANXCAPE FARMS LTD. GOLDEN GROVE,0,#N/A
TRANXCAPE FARMS LIMITED - EAST STREET KINGSTON,TRANXCAPE FARMS LTD. EAST ST.,TRANXCAPE FARMS LTD. EAST ST.,0,#N/A
TRANXCAPE FARMS LIMITED - HERB MCKENLEY,TRANXCAPE FARMS LIMITED - HERB MCKENLEY ( AJM00336,0,0,#N/A
TRIPLE SUPER SAVE BROWNS TOWN,TRIPLE SUPERSAVE BROWN'S TOWN,TRIPLE SUPERSAVE BROWN'S TOWN,0,#N/A
TRIPLE SUPERSAVE OCHO RIOS,TRIPLE SUPERSAVE OCHO RIOS,TRIPLE SUPERSAVE OCHO RIOS,0,#N/A
TRIPLE SUPERSAVE ST ANNS BAY,TRIPLE SUPERSAVE ST ANNS BAY,TRIPLE SUPERSAVE ST ANNS BAY,0,#N/A
TRIPPLE SUPERSAVE SUPERMARKET FRANKFIELD,0,0,0,#N/A
TRUE NORTH VENTURE - BAY FARM ROAD,TRUE NORTH VENTURES LTD. BAY FARM RD.,TRUE NORTH VENTURES LTD. BAY FARM RD.,True North- Bay Farm Road,"194A Bay Farm Road, Kingston 11"
TRUE NORTH VENTURES - SPANISH TOWN,TRUE NORTH VENTURES LTD. SPANISH TOWN,TRUE NORTH VENTURES LTD. SPANISH TOWN,True North- Spanish Town,"37 Wellington Street
Spanish Town"
TRUE NORTH VENTURES LIMITED,TRUE NORTH VENTURES LTD. PECHON ST.,TRUE NORTH VENTURES LTD. PECHON ST.,TRUE NORTH-KGN,"7 Pechon Street,
Kingston "
TRUE NORTH VENTURES LIMITED - MONTEGO BAY,TRUE NORTH VENTURES LTD. MONTEGO BAY,TRUE NORTH VENTURES LTD. MONTEGO BAY,True North- Montego Bay,"Unit B, Sagicor Commercial Complex
Freeport
Montego Bay"
TRUE NORTH VENTURES LIMITED - PORTLAND,TRUE NORTH VENTURES LTD. PORT ANTONIO,TRUE NORTH VENTURES LTD. PORT ANTONIO,TRUE NORTH PORTLAND,"Shop 6A, West Harbour Plaza
22 West Street
Port Antonio "
V&Y LIQUORS,V&Y LIQUORS,V&Y LIQUORS,V&Y SHOP,"Shop 1, Vons Plaza
Ducketts Road
Cambridge"
WALK'S MOBILE & ELECTRONIC SERVICES,0,WALK'S MOBILE & ELECTRONIC SERVICES,0,#N/A
Yak & Associates - Waltham,YAK & ASSOCIATES WALTHAM PK RD.,YAK & ASSOCIATES WALTHAM PK RD.,Y.A.K. & Associates- Waltham,50 Waltham Park Road
YAK & ASSOCIATES ( AJM003808 ),YAK & ASSOCIATES MAXFIELD AVE.,YAK & ASSOCIATES MAXFIELD AVE.,Y.A.K. & Associates-Maxfield,"15A Maxfield Avenue, Kingston 13"
YOUR EYES OPTICAL,YOUR EYES OPTICAL,YOUR EYES OPTICAL,YOUR EYES OPTICAL ,"Shop 2, Lee's Plaza,
Claremont"